{
  "images" : [
    {
      "size" : "29x29",
      "idiom" : "iphone",
      "filename" : "SCIMLabMonitorIcon87-1.png",
      "scale" : "2x"
    },
    {
      "size" : "29x29",
      "idiom" : "iphone",
      "filename" : "SCIMLabMonitorIcon87.png",
      "scale" : "3x"
    },
    {
      "size" : "40x40",
      "idiom" : "iphone",
      "filename" : "SCIMLabMonitorIcon80x80.png",
      "scale" : "2x"
    },
    {
      "size" : "40x40",
      "idiom" : "iphone",
      "filename" : "SCIMLabMonitorIcon2x120120-1.png",
      "scale" : "3x"
    },
    {
      "size" : "60x60",
      "idiom" : "iphone",
      "filename" : "SCIMLabMonitorIcon2x120120.png",
      "scale" : "2x"
    },
    {
      "size" : "60x60",
      "idiom" : "iphone",
      "filename" : "SCIMLabMonitorIcon3x180180.png",
      "scale" : "3x"
    }
  ],
  "info" : {
    "version" : 1,
    "author" : "xcode"
  }
}